E-Type,KnockDownT,InputLog
1,3.750748,2,2,4
0,31.17877,3,2,2,2,4,2,2,4,2,2,4,2,2,4
