E-Type,KnockDownT,InputLog
1,12.77586,2,3,2,3,2,2,4
1,21.52309,2,2,4
0,3.9011,3,3,4
