E-Type,KnockDownT,InputLog
1,5.167859,2,2,4
1,5.935741,2,2,4
1,5.265999,2,2,4
