E-Type,KnockDownT,InputLog
0,4.950869,2,3,3,3,4
1,3.620843,3,2,2,2,2,4
2,4.144598,3,3,4
3,6.321072,2,2,4
