E-Type,KnockDownT,InputLog
0,2.256574,2,2,4
1,4.984214,3,2,2,2,4
2,3.041183,2,2,4
3,5.070614,2,2,4
4,7.427139,3,3,4
