E-Type,KnockDownT,InputLog
1,14.53229,3,2,2,2,2,2,2,2,2,2,2,4
0,3.037384,3,3,3,3,3,4
