E-Type,KnockDownT,InputLog
0,3.662151,3,3,4
0,2.247879,3,3,4
0,4.473129,3,3,4
0,2.815838,3,3,4
