E-Type,KnockDownT,InputLog
1,35.08029,3,3,3,4,3,3,4,3,3,4,3,3,4
1,24.37466,3,3,4,3,3,4,3,3,4,3,3,4
