E-Type,KnockDownT,InputLog
1,3.088601,2,2,4
0,3.045053,3,3,4
0,2.531027,3,3,3,4
