E-Type,KnockDownT,InputLog
0,8.437704,2,2,2,2,2,4,3,3,3,3,3,3,3,3,3,3,3,3,3,3,3,4
1,4.877001,2,2,4
