E-Type,KnockDownT,InputLog
0,3.672292,3,3,3,4
0,29.06763,2,2,4,2,2,4,3,3,4
